<?xml version="1.0" encoding="UTF-8"?>
<project xmlns="http://maven.apache.org/POM/4.0.0" xmlns:xsi="http://www.w3.org/2001/XMLSchema-instance" xsi:schemaLocation="http://maven.apache.org/POM/4.0.0 http://maven.apache.org/maven-v4_0_0.xsd">
  <modelVersion>4.0.0</modelVersion>
  <groupId>com.refactorlabs.cs378</groupId>
  <artifactId>bdp</artifactId>
  <version>1.10</version>
  <description>Java code for CS 378 - Big Data Programming</description>
  <developers>
    <developer>
      <id>dfranke</id>
      <name>David Franke</name>
      <email>dfranke@cs.utexas.edu</email>
    </developer>
  </developers>
  <build>
    <plugins>
      <plugin>
        <artifactId>maven-compiler-plugin</artifactId>
        <version>3.1</version>
        <configuration>
          <source>1.6</source>
          <target>1.6</target>
        </configuration>
      </plugin>
      <plugin>
        <artifactId>maven-jar-plugin</artifactId>
        <version>2.5</version>
      </plugin>
      <plugin>
        <artifactId>maven-shade-plugin</artifactId>
        <version>2.3</version>
        <executions>
          <execution>
            <phase>package</phase>
            <goals>
              <goal>shade</goal>
            </goals>
            <configuration>
              <artifactSet>
                <excludes />
              </artifactSet>
            </configuration>
          </execution>
        </executions>
      </plugin>
    </plugins>
  </build>
  <dependencies>
    <dependency>
      <groupId>org.apache.hadoop</groupId>
      <artifactId>hadoop-core</artifactId>
      <version>1.0.3</version>
      <scope>provided</scope>
      <exclusions>
        <exclusion>
          <artifactId>commons-cli</artifactId>
          <groupId>commons-cli</groupId>
        </exclusion>
        <exclusion>
          <artifactId>xmlenc</artifactId>
          <groupId>xmlenc</groupId>
        </exclusion>
        <exclusion>
          <artifactId>commons-httpclient</artifactId>
          <groupId>commons-httpclient</groupId>
        </exclusion>
        <exclusion>
          <artifactId>commons-codec</artifactId>
          <groupId>commons-codec</groupId>
        </exclusion>
        <exclusion>
          <artifactId>commons-math</artifactId>
          <groupId>org.apache.commons</groupId>
        </exclusion>
        <exclusion>
          <artifactId>commons-configuration</artifactId>
          <groupId>commons-configuration</groupId>
        </exclusion>
        <exclusion>
          <artifactId>commons-net</artifactId>
          <groupId>commons-net</groupId>
        </exclusion>
        <exclusion>
          <artifactId>jetty</artifactId>
          <groupId>org.mortbay.jetty</groupId>
        </exclusion>
        <exclusion>
          <artifactId>jetty-util</artifactId>
          <groupId>org.mortbay.jetty</groupId>
        </exclusion>
        <exclusion>
          <artifactId>jasper-runtime</artifactId>
          <groupId>tomcat</groupId>
        </exclusion>
        <exclusion>
          <artifactId>jasper-compiler</artifactId>
          <groupId>tomcat</groupId>
        </exclusion>
        <exclusion>
          <artifactId>jsp-api-2.1</artifactId>
          <groupId>org.mortbay.jetty</groupId>
        </exclusion>
        <exclusion>
          <artifactId>jsp-2.1</artifactId>
          <groupId>org.mortbay.jetty</groupId>
        </exclusion>
        <exclusion>
          <artifactId>commons-el</artifactId>
          <groupId>commons-el</groupId>
        </exclusion>
        <exclusion>
          <artifactId>jets3t</artifactId>
          <groupId>net.java.dev.jets3t</groupId>
        </exclusion>
        <exclusion>
          <artifactId>kfs</artifactId>
          <groupId>net.sf.kosmosfs</groupId>
        </exclusion>
        <exclusion>
          <artifactId>hsqldb</artifactId>
          <groupId>hsqldb</groupId>
        </exclusion>
        <exclusion>
          <artifactId>oro</artifactId>
          <groupId>oro</groupId>
        </exclusion>
        <exclusion>
          <artifactId>core</artifactId>
          <groupId>org.eclipse.jdt</groupId>
        </exclusion>
        <exclusion>
          <artifactId>jackson-mapper-asl</artifactId>
          <groupId>org.codehaus.jackson</groupId>
        </exclusion>
      </exclusions>
    </dependency>
  </dependencies>
  <properties>
    <guava.version>18.0</guava.version>
    <hadoop-core.version>1.0.3</hadoop-core.version>
  </properties>
</project>

